# users
INSERT INTO run_connect.user (USERID, FIRSTNAME, LASTNAME, E_MAILADRES, USERNAME, TOTALSCORE, IMAGE_URL, ADMIN) VALUES (15, 'Patrick', 'Roelofs', 'email0@email.com', 'Patrick Roelofs', 40, 'https://lh3.googleusercontent.com/a-/AOh14GjXxHNGQleDNo2BdpFZ2-uJuSbDQlrXrnxXN5MjHaA=s96-c', 0);
INSERT INTO run_connect.user (USERID, FIRSTNAME, LASTNAME, E_MAILADRES, USERNAME, TOTALSCORE, IMAGE_URL, ADMIN) VALUES (34, 'Robert', 'Boudewijn', 'RB@email.com', 'Robert Boudewijn', 420, 'https://lh3.googleusercontent.com/a-/AOh14GgTX_lxhop3SzZtZmdPv1UBaKR7ZjuJEnAPrz-J=s96-c', 0);
INSERT INTO run_connect.user (USERID, FIRSTNAME, LASTNAME, E_MAILADRES, USERNAME, TOTALSCORE, IMAGE_URL, ADMIN) VALUES (66, 'Mohammad', 'Yasin', 'MY@email.com', 'Mohammad Yasin', 357, 'https://lh3.googleusercontent.com/a-/AOh14GjlqSIuJB3FVXY9kBMrPq10mQaYkrCqHHymHp-tYA=s96-c', 0);
INSERT INTO run_connect.user (USERID, FIRSTNAME, LASTNAME, E_MAILADRES, USERNAME, TOTALSCORE, IMAGE_URL, ADMIN) VALUES (75, 'Kachung', 'Li', 'KL@email.com', 'Kachung Li', 5, 'https://lh3.googleusercontent.com/ogw/ADea4I5joTMvwREIJJORnKazk3L7ymAQ_WR_uv_4NFft=s83-c-mo', 0);
INSERT INTO run_connect.user (USERID, FIRSTNAME, LASTNAME, E_MAILADRES, USERNAME, TOTALSCORE, IMAGE_URL, ADMIN) VALUES (12, 'Niels', 'Bosman', 'NB@email.com', 'Niels Bosman', 68, 'https://lh3.googleusercontent.com/ogw/ADea4I6SUuoqKWnu1VsRHYuM36rQUaElVcdZxUprTQpvhg=s83-c-mo', 0);

# routes
INSERT INTO run_connect.route (ROUTEID, NAME, DISTANCE, DESCRIPTION) VALUES (1, 'Driesprongroute', 5, 'Startpunt is de parkeerplaats aan de Wekeromseweg 1, 6718 SC Ede. Een prachtige route door het westelijke deel van het Edese Bos rond de Kouseband.');
INSERT INTO run_connect.route (ROUTEID, NAME, DISTANCE, DESCRIPTION) VALUES (3, 'Korte wandeling door het bos', 1, 'Mooie wandeling die door het bos van Ede loopt. Tijdens het wandelen loopt u delen door het bos en naast een prachtig stuk Ede''se heide. ');

INSERT INTO run_connect.coordinates (COORDINATESID, LATITUDE, LONGITUDE, ALTITUDE) VALUES (54, 52.05761, 5.67592, 38);
INSERT INTO run_connect.coordinates (COORDINATESID, LATITUDE, LONGITUDE, ALTITUDE) VALUES (53, 52.05764, 5.67594, 38);
INSERT INTO run_connect.coordinates (COORDINATESID, LATITUDE, LONGITUDE, ALTITUDE) VALUES (51, 52.05796, 5.678, 43);
INSERT INTO run_connect.coordinates (COORDINATESID, LATITUDE, LONGITUDE, ALTITUDE) VALUES (52, 52.05806, 5.67613, 40);
INSERT INTO run_connect.coordinates (COORDINATESID, LATITUDE, LONGITUDE, ALTITUDE) VALUES (50, 52.05814, 5.67846, 44);
INSERT INTO run_connect.coordinates (COORDINATESID, LATITUDE, LONGITUDE, ALTITUDE) VALUES (49, 52.05815, 5.67844, 43);
INSERT INTO run_connect.coordinates (COORDINATESID, LATITUDE, LONGITUDE, ALTITUDE) VALUES (48, 52.05835, 5.67881, 44);
INSERT INTO run_connect.coordinates (COORDINATESID, LATITUDE, LONGITUDE, ALTITUDE) VALUES (47, 52.05879, 5.67925, 44);
INSERT INTO run_connect.coordinates (COORDINATESID, LATITUDE, LONGITUDE, ALTITUDE) VALUES (110, 52.05896, 5.676515, -1);
INSERT INTO run_connect.coordinates (COORDINATESID, LATITUDE, LONGITUDE, ALTITUDE) VALUES (46, 52.05904, 5.67934, 43);
INSERT INTO run_connect.coordinates (COORDINATESID, LATITUDE, LONGITUDE, ALTITUDE) VALUES (108, 52.05917, 5.6766167, -1);
INSERT INTO run_connect.coordinates (COORDINATESID, LATITUDE, LONGITUDE, ALTITUDE) VALUES (55, 52.0594, 5.67407, 41);
INSERT INTO run_connect.coordinates (COORDINATESID, LATITUDE, LONGITUDE, ALTITUDE) VALUES (45, 52.05968, 5.67968, 43);
INSERT INTO run_connect.coordinates (COORDINATESID, LATITUDE, LONGITUDE, ALTITUDE) VALUES (44, 52.05989, 5.67983, 43);
INSERT INTO run_connect.coordinates (COORDINATESID, LATITUDE, LONGITUDE, ALTITUDE) VALUES (56, 52.05997, 5.67389, 40);
INSERT INTO run_connect.coordinates (COORDINATESID, LATITUDE, LONGITUDE, ALTITUDE) VALUES (57, 52.05998, 5.67389, 40);
INSERT INTO run_connect.coordinates (COORDINATESID, LATITUDE, LONGITUDE, ALTITUDE) VALUES (58, 52.06021, 5.67508, 41);
INSERT INTO run_connect.coordinates (COORDINATESID, LATITUDE, LONGITUDE, ALTITUDE) VALUES (59, 52.06022, 5.67508, 41);
INSERT INTO run_connect.coordinates (COORDINATESID, LATITUDE, LONGITUDE, ALTITUDE) VALUES (43, 52.06041, 5.68064, 46);
INSERT INTO run_connect.coordinates (COORDINATESID, LATITUDE, LONGITUDE, ALTITUDE) VALUES (42, 52.06051, 5.68084, 46);
INSERT INTO run_connect.coordinates (COORDINATESID, LATITUDE, LONGITUDE, ALTITUDE) VALUES (41, 52.06072, 5.68096, 46);
INSERT INTO run_connect.coordinates (COORDINATESID, LATITUDE, LONGITUDE, ALTITUDE) VALUES (40, 52.06101, 5.68122, 47);
INSERT INTO run_connect.coordinates (COORDINATESID, LATITUDE, LONGITUDE, ALTITUDE) VALUES (39, 52.06131, 5.68156, 49);
INSERT INTO run_connect.coordinates (COORDINATESID, LATITUDE, LONGITUDE, ALTITUDE) VALUES (60, 52.06162, 5.67465, 43);
INSERT INTO run_connect.coordinates (COORDINATESID, LATITUDE, LONGITUDE, ALTITUDE) VALUES (67, 52.0617, 5.67038, 43);
INSERT INTO run_connect.coordinates (COORDINATESID, LATITUDE, LONGITUDE, ALTITUDE) VALUES (65, 52.06171, 5.67188, 42);
INSERT INTO run_connect.coordinates (COORDINATESID, LATITUDE, LONGITUDE, ALTITUDE) VALUES (66, 52.06174, 5.67039, 43);
INSERT INTO run_connect.coordinates (COORDINATESID, LATITUDE, LONGITUDE, ALTITUDE) VALUES (38, 52.06174, 5.68189, 49);
INSERT INTO run_connect.coordinates (COORDINATESID, LATITUDE, LONGITUDE, ALTITUDE) VALUES (68, 52.06181, 5.6704, 43);
INSERT INTO run_connect.coordinates (COORDINATESID, LATITUDE, LONGITUDE, ALTITUDE) VALUES (61, 52.06189, 5.67457, 43);
INSERT INTO run_connect.coordinates (COORDINATESID, LATITUDE, LONGITUDE, ALTITUDE) VALUES (37, 52.0619, 5.68194, 49);
INSERT INTO run_connect.coordinates (COORDINATESID, LATITUDE, LONGITUDE, ALTITUDE) VALUES (69, 52.06196, 5.67049, 43);
INSERT INTO run_connect.coordinates (COORDINATESID, LATITUDE, LONGITUDE, ALTITUDE) VALUES (36, 52.06199, 5.68208, 49);
INSERT INTO run_connect.coordinates (COORDINATESID, LATITUDE, LONGITUDE, ALTITUDE) VALUES (63, 52.062, 5.67325, 42);
INSERT INTO run_connect.coordinates (COORDINATESID, LATITUDE, LONGITUDE, ALTITUDE) VALUES (64, 52.06201, 5.67324, 42);
INSERT INTO run_connect.coordinates (COORDINATESID, LATITUDE, LONGITUDE, ALTITUDE) VALUES (35, 52.06214, 5.68218, 51);
INSERT INTO run_connect.coordinates (COORDINATESID, LATITUDE, LONGITUDE, ALTITUDE) VALUES (62, 52.06222, 5.67446, 44);
INSERT INTO run_connect.coordinates (COORDINATESID, LATITUDE, LONGITUDE, ALTITUDE) VALUES (34, 52.06226, 5.68223, 51);
INSERT INTO run_connect.coordinates (COORDINATESID, LATITUDE, LONGITUDE, ALTITUDE) VALUES (33, 52.06245, 5.6822, 51);
INSERT INTO run_connect.coordinates (COORDINATESID, LATITUDE, LONGITUDE, ALTITUDE) VALUES (70, 52.06258, 5.67096, 44);
INSERT INTO run_connect.coordinates (COORDINATESID, LATITUDE, LONGITUDE, ALTITUDE) VALUES (32, 52.06258, 5.68211, 51);
INSERT INTO run_connect.coordinates (COORDINATESID, LATITUDE, LONGITUDE, ALTITUDE) VALUES (31, 52.06282, 5.68204, 51);
INSERT INTO run_connect.coordinates (COORDINATESID, LATITUDE, LONGITUDE, ALTITUDE) VALUES (71, 52.06285, 5.67113, 44);
INSERT INTO run_connect.coordinates (COORDINATESID, LATITUDE, LONGITUDE, ALTITUDE) VALUES (72, 52.06303, 5.67113, 44);
INSERT INTO run_connect.coordinates (COORDINATESID, LATITUDE, LONGITUDE, ALTITUDE) VALUES (30, 52.06338, 5.68242, 53);
INSERT INTO run_connect.coordinates (COORDINATESID, LATITUDE, LONGITUDE, ALTITUDE) VALUES (29, 52.06361, 5.68261, 54);
INSERT INTO run_connect.coordinates (COORDINATESID, LATITUDE, LONGITUDE, ALTITUDE) VALUES (73, 52.06383, 5.67078, 43);
INSERT INTO run_connect.coordinates (COORDINATESID, LATITUDE, LONGITUDE, ALTITUDE) VALUES (28, 52.06397, 5.68305, 56);
INSERT INTO run_connect.coordinates (COORDINATESID, LATITUDE, LONGITUDE, ALTITUDE) VALUES (27, 52.06415, 5.68318, 56);
INSERT INTO run_connect.coordinates (COORDINATESID, LATITUDE, LONGITUDE, ALTITUDE) VALUES (26, 52.06436, 5.68327, 55);
INSERT INTO run_connect.coordinates (COORDINATESID, LATITUDE, LONGITUDE, ALTITUDE) VALUES (25, 52.06492, 5.68338, 55);
INSERT INTO run_connect.coordinates (COORDINATESID, LATITUDE, LONGITUDE, ALTITUDE) VALUES (24, 52.06492, 5.68344, 55);
INSERT INTO run_connect.coordinates (COORDINATESID, LATITUDE, LONGITUDE, ALTITUDE) VALUES (22, 52.06492, 5.68503, 54);
INSERT INTO run_connect.coordinates (COORDINATESID, LATITUDE, LONGITUDE, ALTITUDE) VALUES (23, 52.06494, 5.68457, 54);
INSERT INTO run_connect.coordinates (COORDINATESID, LATITUDE, LONGITUDE, ALTITUDE) VALUES (16, 52.0651, 5.68681, 49);
INSERT INTO run_connect.coordinates (COORDINATESID, LATITUDE, LONGITUDE, ALTITUDE) VALUES (15, 52.0651, 5.68682, 49);
INSERT INTO run_connect.coordinates (COORDINATESID, LATITUDE, LONGITUDE, ALTITUDE) VALUES (14, 52.06513, 5.68736, 48);
INSERT INTO run_connect.coordinates (COORDINATESID, LATITUDE, LONGITUDE, ALTITUDE) VALUES (74, 52.06515, 5.67025, 40);
INSERT INTO run_connect.coordinates (COORDINATESID, LATITUDE, LONGITUDE, ALTITUDE) VALUES (21, 52.06517, 5.68548, 52);
INSERT INTO run_connect.coordinates (COORDINATESID, LATITUDE, LONGITUDE, ALTITUDE) VALUES (17, 52.06517, 5.68644, 50);
INSERT INTO run_connect.coordinates (COORDINATESID, LATITUDE, LONGITUDE, ALTITUDE) VALUES (13, 52.06518, 5.68773, 46);
INSERT INTO run_connect.coordinates (COORDINATESID, LATITUDE, LONGITUDE, ALTITUDE) VALUES (12, 52.06524, 5.68793, 46);
INSERT INTO run_connect.coordinates (COORDINATESID, LATITUDE, LONGITUDE, ALTITUDE) VALUES (18, 52.06526, 5.68602, 51);
INSERT INTO run_connect.coordinates (COORDINATESID, LATITUDE, LONGITUDE, ALTITUDE) VALUES (20, 52.06533, 5.68585, 52);
INSERT INTO run_connect.coordinates (COORDINATESID, LATITUDE, LONGITUDE, ALTITUDE) VALUES (19, 52.06536, 5.68579, 51);
INSERT INTO run_connect.coordinates (COORDINATESID, LATITUDE, LONGITUDE, ALTITUDE) VALUES (11, 52.06543, 5.68829, 44);
INSERT INTO run_connect.coordinates (COORDINATESID, LATITUDE, LONGITUDE, ALTITUDE) VALUES (10, 52.06547, 5.68823, 44);
INSERT INTO run_connect.coordinates (COORDINATESID, LATITUDE, LONGITUDE, ALTITUDE) VALUES (1, 52.06565, 5.68847, 42);
INSERT INTO run_connect.coordinates (COORDINATESID, LATITUDE, LONGITUDE, ALTITUDE) VALUES (9, 52.06567, 5.68789, 44);
INSERT INTO run_connect.coordinates (COORDINATESID, LATITUDE, LONGITUDE, ALTITUDE) VALUES (8, 52.06572, 5.68786, 44);
INSERT INTO run_connect.coordinates (COORDINATESID, LATITUDE, LONGITUDE, ALTITUDE) VALUES (7, 52.06576, 5.68789, 44);
INSERT INTO run_connect.coordinates (COORDINATESID, LATITUDE, LONGITUDE, ALTITUDE) VALUES (81, 52.06578, 5.67204, 39);
INSERT INTO run_connect.coordinates (COORDINATESID, LATITUDE, LONGITUDE, ALTITUDE) VALUES (82, 52.06578, 5.67207, 39);
INSERT INTO run_connect.coordinates (COORDINATESID, LATITUDE, LONGITUDE, ALTITUDE) VALUES (2, 52.06578, 5.68868, 42);
INSERT INTO run_connect.coordinates (COORDINATESID, LATITUDE, LONGITUDE, ALTITUDE) VALUES (83, 52.06579, 5.67412, 39);
INSERT INTO run_connect.coordinates (COORDINATESID, LATITUDE, LONGITUDE, ALTITUDE) VALUES (75, 52.06589, 5.67, 38);
INSERT INTO run_connect.coordinates (COORDINATESID, LATITUDE, LONGITUDE, ALTITUDE) VALUES (3, 52.06591, 5.68847, 42);
INSERT INTO run_connect.coordinates (COORDINATESID, LATITUDE, LONGITUDE, ALTITUDE) VALUES (4, 52.06597, 5.68855, 42);
INSERT INTO run_connect.coordinates (COORDINATESID, LATITUDE, LONGITUDE, ALTITUDE) VALUES (6, 52.066, 5.68823, 44);
INSERT INTO run_connect.coordinates (COORDINATESID, LATITUDE, LONGITUDE, ALTITUDE) VALUES (85, 52.06602, 5.67577, 41);
INSERT INTO run_connect.coordinates (COORDINATESID, LATITUDE, LONGITUDE, ALTITUDE) VALUES (84, 52.06603, 5.67582, 41);
INSERT INTO run_connect.coordinates (COORDINATESID, LATITUDE, LONGITUDE, ALTITUDE) VALUES (101, 52.06609, 5.68339, 51);
INSERT INTO run_connect.coordinates (COORDINATESID, LATITUDE, LONGITUDE, ALTITUDE) VALUES (109, 52.066095, 5.6832817, -1);
INSERT INTO run_connect.coordinates (COORDINATESID, LATITUDE, LONGITUDE, ALTITUDE) VALUES (100, 52.0661, 5.68344, 51);
INSERT INTO run_connect.coordinates (COORDINATESID, LATITUDE, LONGITUDE, ALTITUDE) VALUES (5, 52.06611, 5.68829, 44);
INSERT INTO run_connect.coordinates (COORDINATESID, LATITUDE, LONGITUDE, ALTITUDE) VALUES (106, 52.06618, 5.68816, 43);
INSERT INTO run_connect.coordinates (COORDINATESID, LATITUDE, LONGITUDE, ALTITUDE) VALUES (107, 52.0662, 5.68815, -1);
INSERT INTO run_connect.coordinates (COORDINATESID, LATITUDE, LONGITUDE, ALTITUDE) VALUES (102, 52.06636, 5.68445, 50);
INSERT INTO run_connect.coordinates (COORDINATESID, LATITUDE, LONGITUDE, ALTITUDE) VALUES (103, 52.06656, 5.68516, 49);
INSERT INTO run_connect.coordinates (COORDINATESID, LATITUDE, LONGITUDE, ALTITUDE) VALUES (76, 52.0666, 5.66984, 37);
INSERT INTO run_connect.coordinates (COORDINATESID, LATITUDE, LONGITUDE, ALTITUDE) VALUES (77, 52.06661, 5.66985, 37);
INSERT INTO run_connect.coordinates (COORDINATESID, LATITUDE, LONGITUDE, ALTITUDE) VALUES (91, 52.06667, 5.6792, 46);
INSERT INTO run_connect.coordinates (COORDINATESID, LATITUDE, LONGITUDE, ALTITUDE) VALUES (92, 52.06669, 5.67918, 46);
INSERT INTO run_connect.coordinates (COORDINATESID, LATITUDE, LONGITUDE, ALTITUDE) VALUES (78, 52.06681, 5.67072, 38);
INSERT INTO run_connect.coordinates (COORDINATESID, LATITUDE, LONGITUDE, ALTITUDE) VALUES (80, 52.06703, 5.67164, 37);
INSERT INTO run_connect.coordinates (COORDINATESID, LATITUDE, LONGITUDE, ALTITUDE) VALUES (79, 52.06706, 5.67164, 37);
INSERT INTO run_connect.coordinates (COORDINATESID, LATITUDE, LONGITUDE, ALTITUDE) VALUES (104, 52.06707, 5.6865, 45);
INSERT INTO run_connect.coordinates (COORDINATESID, LATITUDE, LONGITUDE, ALTITUDE) VALUES (105, 52.06707, 5.68651, 45);
INSERT INTO run_connect.coordinates (COORDINATESID, LATITUDE, LONGITUDE, ALTITUDE) VALUES (99, 52.06734, 5.68114, 45);
INSERT INTO run_connect.coordinates (COORDINATESID, LATITUDE, LONGITUDE, ALTITUDE) VALUES (98, 52.06745, 5.68105, 45);
INSERT INTO run_connect.coordinates (COORDINATESID, LATITUDE, LONGITUDE, ALTITUDE) VALUES (97, 52.06758, 5.68078, 45);
INSERT INTO run_connect.coordinates (COORDINATESID, LATITUDE, LONGITUDE, ALTITUDE) VALUES (94, 52.06763, 5.68006, 46);
INSERT INTO run_connect.coordinates (COORDINATESID, LATITUDE, LONGITUDE, ALTITUDE) VALUES (93, 52.06764, 5.68007, 46);
INSERT INTO run_connect.coordinates (COORDINATESID, LATITUDE, LONGITUDE, ALTITUDE) VALUES (96, 52.06764, 5.68052, 45);
INSERT INTO run_connect.coordinates (COORDINATESID, LATITUDE, LONGITUDE, ALTITUDE) VALUES (95, 52.06765, 5.68039, 45);
INSERT INTO run_connect.coordinates (COORDINATESID, LATITUDE, LONGITUDE, ALTITUDE) VALUES (86, 52.0682, 5.67631, 42);
INSERT INTO run_connect.coordinates (COORDINATESID, LATITUDE, LONGITUDE, ALTITUDE) VALUES (87, 52.06822, 5.67631, 42);
INSERT INTO run_connect.coordinates (COORDINATESID, LATITUDE, LONGITUDE, ALTITUDE) VALUES (88, 52.06838, 5.67703, 43);
INSERT INTO run_connect.coordinates (COORDINATESID, LATITUDE, LONGITUDE, ALTITUDE) VALUES (90, 52.06848, 5.67732, 43);
INSERT INTO run_connect.coordinates (COORDINATESID, LATITUDE, LONGITUDE, ALTITUDE) VALUES (89, 52.06848, 5.67737, 43);

INSERT INTO run_connect.segment (SEGMENTID, STARTCOORD, ENDCOORD) VALUES (1, 1, 2);
INSERT INTO run_connect.segment (SEGMENTID, STARTCOORD, ENDCOORD) VALUES (2, 2, 3);
INSERT INTO run_connect.segment (SEGMENTID, STARTCOORD, ENDCOORD) VALUES (3, 3, 4);
INSERT INTO run_connect.segment (SEGMENTID, STARTCOORD, ENDCOORD) VALUES (4, 4, 5);
INSERT INTO run_connect.segment (SEGMENTID, STARTCOORD, ENDCOORD) VALUES (5, 5, 6);
INSERT INTO run_connect.segment (SEGMENTID, STARTCOORD, ENDCOORD) VALUES (6, 6, 7);
INSERT INTO run_connect.segment (SEGMENTID, STARTCOORD, ENDCOORD) VALUES (7, 7, 8);
INSERT INTO run_connect.segment (SEGMENTID, STARTCOORD, ENDCOORD) VALUES (8, 8, 9);
INSERT INTO run_connect.segment (SEGMENTID, STARTCOORD, ENDCOORD) VALUES (9, 9, 10);
INSERT INTO run_connect.segment (SEGMENTID, STARTCOORD, ENDCOORD) VALUES (10, 10, 11);
INSERT INTO run_connect.segment (SEGMENTID, STARTCOORD, ENDCOORD) VALUES (11, 11, 12);
INSERT INTO run_connect.segment (SEGMENTID, STARTCOORD, ENDCOORD) VALUES (12, 12, 13);
INSERT INTO run_connect.segment (SEGMENTID, STARTCOORD, ENDCOORD) VALUES (13, 13, 14);
INSERT INTO run_connect.segment (SEGMENTID, STARTCOORD, ENDCOORD) VALUES (14, 14, 15);
INSERT INTO run_connect.segment (SEGMENTID, STARTCOORD, ENDCOORD) VALUES (15, 15, 16);
INSERT INTO run_connect.segment (SEGMENTID, STARTCOORD, ENDCOORD) VALUES (16, 16, 17);
INSERT INTO run_connect.segment (SEGMENTID, STARTCOORD, ENDCOORD) VALUES (17, 17, 18);
INSERT INTO run_connect.segment (SEGMENTID, STARTCOORD, ENDCOORD) VALUES (18, 18, 19);
INSERT INTO run_connect.segment (SEGMENTID, STARTCOORD, ENDCOORD) VALUES (19, 19, 20);
INSERT INTO run_connect.segment (SEGMENTID, STARTCOORD, ENDCOORD) VALUES (20, 20, 21);
INSERT INTO run_connect.segment (SEGMENTID, STARTCOORD, ENDCOORD) VALUES (21, 21, 22);
INSERT INTO run_connect.segment (SEGMENTID, STARTCOORD, ENDCOORD) VALUES (22, 22, 23);
INSERT INTO run_connect.segment (SEGMENTID, STARTCOORD, ENDCOORD) VALUES (23, 23, 24);
INSERT INTO run_connect.segment (SEGMENTID, STARTCOORD, ENDCOORD) VALUES (24, 24, 25);
INSERT INTO run_connect.segment (SEGMENTID, STARTCOORD, ENDCOORD) VALUES (25, 25, 26);
INSERT INTO run_connect.segment (SEGMENTID, STARTCOORD, ENDCOORD) VALUES (26, 26, 27);
INSERT INTO run_connect.segment (SEGMENTID, STARTCOORD, ENDCOORD) VALUES (27, 27, 28);
INSERT INTO run_connect.segment (SEGMENTID, STARTCOORD, ENDCOORD) VALUES (28, 28, 29);
INSERT INTO run_connect.segment (SEGMENTID, STARTCOORD, ENDCOORD) VALUES (29, 29, 30);
INSERT INTO run_connect.segment (SEGMENTID, STARTCOORD, ENDCOORD) VALUES (30, 30, 31);
INSERT INTO run_connect.segment (SEGMENTID, STARTCOORD, ENDCOORD) VALUES (31, 31, 32);
INSERT INTO run_connect.segment (SEGMENTID, STARTCOORD, ENDCOORD) VALUES (32, 32, 33);
INSERT INTO run_connect.segment (SEGMENTID, STARTCOORD, ENDCOORD) VALUES (33, 33, 34);
INSERT INTO run_connect.segment (SEGMENTID, STARTCOORD, ENDCOORD) VALUES (34, 34, 35);
INSERT INTO run_connect.segment (SEGMENTID, STARTCOORD, ENDCOORD) VALUES (35, 35, 36);
INSERT INTO run_connect.segment (SEGMENTID, STARTCOORD, ENDCOORD) VALUES (36, 36, 37);
INSERT INTO run_connect.segment (SEGMENTID, STARTCOORD, ENDCOORD) VALUES (37, 37, 38);
INSERT INTO run_connect.segment (SEGMENTID, STARTCOORD, ENDCOORD) VALUES (38, 38, 39);
INSERT INTO run_connect.segment (SEGMENTID, STARTCOORD, ENDCOORD) VALUES (39, 39, 40);
INSERT INTO run_connect.segment (SEGMENTID, STARTCOORD, ENDCOORD) VALUES (40, 40, 41);
INSERT INTO run_connect.segment (SEGMENTID, STARTCOORD, ENDCOORD) VALUES (41, 41, 42);
INSERT INTO run_connect.segment (SEGMENTID, STARTCOORD, ENDCOORD) VALUES (42, 42, 43);
INSERT INTO run_connect.segment (SEGMENTID, STARTCOORD, ENDCOORD) VALUES (43, 43, 44);
INSERT INTO run_connect.segment (SEGMENTID, STARTCOORD, ENDCOORD) VALUES (44, 44, 45);
INSERT INTO run_connect.segment (SEGMENTID, STARTCOORD, ENDCOORD) VALUES (45, 45, 46);
INSERT INTO run_connect.segment (SEGMENTID, STARTCOORD, ENDCOORD) VALUES (46, 46, 47);
INSERT INTO run_connect.segment (SEGMENTID, STARTCOORD, ENDCOORD) VALUES (47, 47, 48);
INSERT INTO run_connect.segment (SEGMENTID, STARTCOORD, ENDCOORD) VALUES (48, 48, 49);
INSERT INTO run_connect.segment (SEGMENTID, STARTCOORD, ENDCOORD) VALUES (49, 49, 50);
INSERT INTO run_connect.segment (SEGMENTID, STARTCOORD, ENDCOORD) VALUES (50, 50, 49);
INSERT INTO run_connect.segment (SEGMENTID, STARTCOORD, ENDCOORD) VALUES (51, 49, 51);
INSERT INTO run_connect.segment (SEGMENTID, STARTCOORD, ENDCOORD) VALUES (52, 51, 52);
INSERT INTO run_connect.segment (SEGMENTID, STARTCOORD, ENDCOORD) VALUES (53, 52, 52);
INSERT INTO run_connect.segment (SEGMENTID, STARTCOORD, ENDCOORD) VALUES (54, 52, 53);
INSERT INTO run_connect.segment (SEGMENTID, STARTCOORD, ENDCOORD) VALUES (55, 53, 54);
INSERT INTO run_connect.segment (SEGMENTID, STARTCOORD, ENDCOORD) VALUES (56, 54, 55);
INSERT INTO run_connect.segment (SEGMENTID, STARTCOORD, ENDCOORD) VALUES (57, 55, 56);
INSERT INTO run_connect.segment (SEGMENTID, STARTCOORD, ENDCOORD) VALUES (58, 56, 57);
INSERT INTO run_connect.segment (SEGMENTID, STARTCOORD, ENDCOORD) VALUES (59, 57, 58);
INSERT INTO run_connect.segment (SEGMENTID, STARTCOORD, ENDCOORD) VALUES (60, 58, 59);
INSERT INTO run_connect.segment (SEGMENTID, STARTCOORD, ENDCOORD) VALUES (61, 59, 60);
INSERT INTO run_connect.segment (SEGMENTID, STARTCOORD, ENDCOORD) VALUES (62, 60, 61);
INSERT INTO run_connect.segment (SEGMENTID, STARTCOORD, ENDCOORD) VALUES (63, 61, 62);
INSERT INTO run_connect.segment (SEGMENTID, STARTCOORD, ENDCOORD) VALUES (64, 62, 63);
INSERT INTO run_connect.segment (SEGMENTID, STARTCOORD, ENDCOORD) VALUES (65, 63, 64);
INSERT INTO run_connect.segment (SEGMENTID, STARTCOORD, ENDCOORD) VALUES (66, 64, 63);
INSERT INTO run_connect.segment (SEGMENTID, STARTCOORD, ENDCOORD) VALUES (67, 63, 65);
INSERT INTO run_connect.segment (SEGMENTID, STARTCOORD, ENDCOORD) VALUES (68, 65, 66);
INSERT INTO run_connect.segment (SEGMENTID, STARTCOORD, ENDCOORD) VALUES (69, 66, 67);
INSERT INTO run_connect.segment (SEGMENTID, STARTCOORD, ENDCOORD) VALUES (70, 67, 68);
INSERT INTO run_connect.segment (SEGMENTID, STARTCOORD, ENDCOORD) VALUES (71, 68, 69);
INSERT INTO run_connect.segment (SEGMENTID, STARTCOORD, ENDCOORD) VALUES (72, 69, 70);
INSERT INTO run_connect.segment (SEGMENTID, STARTCOORD, ENDCOORD) VALUES (73, 70, 71);
INSERT INTO run_connect.segment (SEGMENTID, STARTCOORD, ENDCOORD) VALUES (74, 71, 72);
INSERT INTO run_connect.segment (SEGMENTID, STARTCOORD, ENDCOORD) VALUES (75, 72, 73);
INSERT INTO run_connect.segment (SEGMENTID, STARTCOORD, ENDCOORD) VALUES (76, 73, 74);
INSERT INTO run_connect.segment (SEGMENTID, STARTCOORD, ENDCOORD) VALUES (77, 74, 75);
INSERT INTO run_connect.segment (SEGMENTID, STARTCOORD, ENDCOORD) VALUES (78, 75, 76);
INSERT INTO run_connect.segment (SEGMENTID, STARTCOORD, ENDCOORD) VALUES (79, 76, 77);
INSERT INTO run_connect.segment (SEGMENTID, STARTCOORD, ENDCOORD) VALUES (80, 77, 78);
INSERT INTO run_connect.segment (SEGMENTID, STARTCOORD, ENDCOORD) VALUES (81, 78, 79);
INSERT INTO run_connect.segment (SEGMENTID, STARTCOORD, ENDCOORD) VALUES (82, 79, 80);
INSERT INTO run_connect.segment (SEGMENTID, STARTCOORD, ENDCOORD) VALUES (83, 80, 81);
INSERT INTO run_connect.segment (SEGMENTID, STARTCOORD, ENDCOORD) VALUES (84, 81, 82);
INSERT INTO run_connect.segment (SEGMENTID, STARTCOORD, ENDCOORD) VALUES (85, 82, 83);
INSERT INTO run_connect.segment (SEGMENTID, STARTCOORD, ENDCOORD) VALUES (86, 83, 84);
INSERT INTO run_connect.segment (SEGMENTID, STARTCOORD, ENDCOORD) VALUES (87, 84, 85);
INSERT INTO run_connect.segment (SEGMENTID, STARTCOORD, ENDCOORD) VALUES (88, 85, 86);
INSERT INTO run_connect.segment (SEGMENTID, STARTCOORD, ENDCOORD) VALUES (89, 86, 87);
INSERT INTO run_connect.segment (SEGMENTID, STARTCOORD, ENDCOORD) VALUES (90, 87, 88);
INSERT INTO run_connect.segment (SEGMENTID, STARTCOORD, ENDCOORD) VALUES (91, 88, 89);
INSERT INTO run_connect.segment (SEGMENTID, STARTCOORD, ENDCOORD) VALUES (92, 89, 90);
INSERT INTO run_connect.segment (SEGMENTID, STARTCOORD, ENDCOORD) VALUES (93, 90, 91);
INSERT INTO run_connect.segment (SEGMENTID, STARTCOORD, ENDCOORD) VALUES (94, 91, 92);
INSERT INTO run_connect.segment (SEGMENTID, STARTCOORD, ENDCOORD) VALUES (95, 92, 93);
INSERT INTO run_connect.segment (SEGMENTID, STARTCOORD, ENDCOORD) VALUES (96, 93, 94);
INSERT INTO run_connect.segment (SEGMENTID, STARTCOORD, ENDCOORD) VALUES (97, 94, 95);
INSERT INTO run_connect.segment (SEGMENTID, STARTCOORD, ENDCOORD) VALUES (98, 95, 96);
INSERT INTO run_connect.segment (SEGMENTID, STARTCOORD, ENDCOORD) VALUES (99, 96, 97);
INSERT INTO run_connect.segment (SEGMENTID, STARTCOORD, ENDCOORD) VALUES (100, 97, 98);
INSERT INTO run_connect.segment (SEGMENTID, STARTCOORD, ENDCOORD) VALUES (101, 98, 99);
INSERT INTO run_connect.segment (SEGMENTID, STARTCOORD, ENDCOORD) VALUES (102, 99, 100);
INSERT INTO run_connect.segment (SEGMENTID, STARTCOORD, ENDCOORD) VALUES (103, 100, 101);
INSERT INTO run_connect.segment (SEGMENTID, STARTCOORD, ENDCOORD) VALUES (104, 101, 102);
INSERT INTO run_connect.segment (SEGMENTID, STARTCOORD, ENDCOORD) VALUES (105, 102, 103);
INSERT INTO run_connect.segment (SEGMENTID, STARTCOORD, ENDCOORD) VALUES (106, 103, 104);
INSERT INTO run_connect.segment (SEGMENTID, STARTCOORD, ENDCOORD) VALUES (107, 104, 105);
INSERT INTO run_connect.segment (SEGMENTID, STARTCOORD, ENDCOORD) VALUES (108, 105, 106);
INSERT INTO run_connect.segment (SEGMENTID, STARTCOORD, ENDCOORD) VALUES (109, 107, 108);
INSERT INTO run_connect.segment (SEGMENTID, STARTCOORD, ENDCOORD) VALUES (110, 108, 108);
INSERT INTO run_connect.segment (SEGMENTID, STARTCOORD, ENDCOORD) VALUES (111, 108, 108);
INSERT INTO run_connect.segment (SEGMENTID, STARTCOORD, ENDCOORD) VALUES (112, 109, 110);
INSERT INTO run_connect.segment (SEGMENTID, STARTCOORD, ENDCOORD) VALUES (113, 110, 110);
INSERT INTO run_connect.segment (SEGMENTID, STARTCOORD, ENDCOORD) VALUES (114, 110, 110);

INSERT INTO run_connect.segmentinroute (ROUTEID, SEGMENTID, SEQUENCENR) VALUES (1, 1, 0);
INSERT INTO run_connect.segmentinroute (ROUTEID, SEGMENTID, SEQUENCENR) VALUES (1, 2, 1);
INSERT INTO run_connect.segmentinroute (ROUTEID, SEGMENTID, SEQUENCENR) VALUES (1, 3, 2);
INSERT INTO run_connect.segmentinroute (ROUTEID, SEGMENTID, SEQUENCENR) VALUES (1, 4, 3);
INSERT INTO run_connect.segmentinroute (ROUTEID, SEGMENTID, SEQUENCENR) VALUES (1, 5, 4);
INSERT INTO run_connect.segmentinroute (ROUTEID, SEGMENTID, SEQUENCENR) VALUES (1, 6, 5);
INSERT INTO run_connect.segmentinroute (ROUTEID, SEGMENTID, SEQUENCENR) VALUES (1, 7, 6);
INSERT INTO run_connect.segmentinroute (ROUTEID, SEGMENTID, SEQUENCENR) VALUES (1, 8, 7);
INSERT INTO run_connect.segmentinroute (ROUTEID, SEGMENTID, SEQUENCENR) VALUES (1, 9, 8);
INSERT INTO run_connect.segmentinroute (ROUTEID, SEGMENTID, SEQUENCENR) VALUES (1, 10, 9);
INSERT INTO run_connect.segmentinroute (ROUTEID, SEGMENTID, SEQUENCENR) VALUES (1, 11, 10);
INSERT INTO run_connect.segmentinroute (ROUTEID, SEGMENTID, SEQUENCENR) VALUES (1, 12, 11);
INSERT INTO run_connect.segmentinroute (ROUTEID, SEGMENTID, SEQUENCENR) VALUES (1, 13, 12);
INSERT INTO run_connect.segmentinroute (ROUTEID, SEGMENTID, SEQUENCENR) VALUES (1, 14, 13);
INSERT INTO run_connect.segmentinroute (ROUTEID, SEGMENTID, SEQUENCENR) VALUES (1, 15, 14);
INSERT INTO run_connect.segmentinroute (ROUTEID, SEGMENTID, SEQUENCENR) VALUES (1, 16, 15);
INSERT INTO run_connect.segmentinroute (ROUTEID, SEGMENTID, SEQUENCENR) VALUES (1, 17, 16);
INSERT INTO run_connect.segmentinroute (ROUTEID, SEGMENTID, SEQUENCENR) VALUES (1, 18, 17);
INSERT INTO run_connect.segmentinroute (ROUTEID, SEGMENTID, SEQUENCENR) VALUES (1, 19, 18);
INSERT INTO run_connect.segmentinroute (ROUTEID, SEGMENTID, SEQUENCENR) VALUES (1, 20, 19);
INSERT INTO run_connect.segmentinroute (ROUTEID, SEGMENTID, SEQUENCENR) VALUES (1, 21, 20);
INSERT INTO run_connect.segmentinroute (ROUTEID, SEGMENTID, SEQUENCENR) VALUES (1, 22, 21);
INSERT INTO run_connect.segmentinroute (ROUTEID, SEGMENTID, SEQUENCENR) VALUES (1, 23, 22);
INSERT INTO run_connect.segmentinroute (ROUTEID, SEGMENTID, SEQUENCENR) VALUES (1, 24, 23);
INSERT INTO run_connect.segmentinroute (ROUTEID, SEGMENTID, SEQUENCENR) VALUES (1, 25, 24);
INSERT INTO run_connect.segmentinroute (ROUTEID, SEGMENTID, SEQUENCENR) VALUES (1, 26, 25);
INSERT INTO run_connect.segmentinroute (ROUTEID, SEGMENTID, SEQUENCENR) VALUES (1, 27, 26);
INSERT INTO run_connect.segmentinroute (ROUTEID, SEGMENTID, SEQUENCENR) VALUES (1, 28, 27);
INSERT INTO run_connect.segmentinroute (ROUTEID, SEGMENTID, SEQUENCENR) VALUES (1, 29, 28);
INSERT INTO run_connect.segmentinroute (ROUTEID, SEGMENTID, SEQUENCENR) VALUES (1, 30, 29);
INSERT INTO run_connect.segmentinroute (ROUTEID, SEGMENTID, SEQUENCENR) VALUES (1, 31, 30);
INSERT INTO run_connect.segmentinroute (ROUTEID, SEGMENTID, SEQUENCENR) VALUES (1, 32, 31);
INSERT INTO run_connect.segmentinroute (ROUTEID, SEGMENTID, SEQUENCENR) VALUES (1, 33, 32);
INSERT INTO run_connect.segmentinroute (ROUTEID, SEGMENTID, SEQUENCENR) VALUES (1, 34, 33);
INSERT INTO run_connect.segmentinroute (ROUTEID, SEGMENTID, SEQUENCENR) VALUES (1, 35, 34);
INSERT INTO run_connect.segmentinroute (ROUTEID, SEGMENTID, SEQUENCENR) VALUES (1, 36, 35);
INSERT INTO run_connect.segmentinroute (ROUTEID, SEGMENTID, SEQUENCENR) VALUES (1, 37, 36);
INSERT INTO run_connect.segmentinroute (ROUTEID, SEGMENTID, SEQUENCENR) VALUES (1, 38, 37);
INSERT INTO run_connect.segmentinroute (ROUTEID, SEGMENTID, SEQUENCENR) VALUES (1, 39, 38);
INSERT INTO run_connect.segmentinroute (ROUTEID, SEGMENTID, SEQUENCENR) VALUES (1, 40, 39);
INSERT INTO run_connect.segmentinroute (ROUTEID, SEGMENTID, SEQUENCENR) VALUES (1, 41, 40);
INSERT INTO run_connect.segmentinroute (ROUTEID, SEGMENTID, SEQUENCENR) VALUES (1, 42, 41);
INSERT INTO run_connect.segmentinroute (ROUTEID, SEGMENTID, SEQUENCENR) VALUES (1, 43, 42);
INSERT INTO run_connect.segmentinroute (ROUTEID, SEGMENTID, SEQUENCENR) VALUES (1, 44, 43);
INSERT INTO run_connect.segmentinroute (ROUTEID, SEGMENTID, SEQUENCENR) VALUES (1, 45, 44);
INSERT INTO run_connect.segmentinroute (ROUTEID, SEGMENTID, SEQUENCENR) VALUES (1, 46, 45);
INSERT INTO run_connect.segmentinroute (ROUTEID, SEGMENTID, SEQUENCENR) VALUES (1, 47, 46);
INSERT INTO run_connect.segmentinroute (ROUTEID, SEGMENTID, SEQUENCENR) VALUES (1, 48, 47);
INSERT INTO run_connect.segmentinroute (ROUTEID, SEGMENTID, SEQUENCENR) VALUES (1, 49, 48);
INSERT INTO run_connect.segmentinroute (ROUTEID, SEGMENTID, SEQUENCENR) VALUES (1, 50, 49);
INSERT INTO run_connect.segmentinroute (ROUTEID, SEGMENTID, SEQUENCENR) VALUES (1, 51, 50);
INSERT INTO run_connect.segmentinroute (ROUTEID, SEGMENTID, SEQUENCENR) VALUES (1, 52, 51);
INSERT INTO run_connect.segmentinroute (ROUTEID, SEGMENTID, SEQUENCENR) VALUES (1, 53, 52);
INSERT INTO run_connect.segmentinroute (ROUTEID, SEGMENTID, SEQUENCENR) VALUES (1, 54, 53);
INSERT INTO run_connect.segmentinroute (ROUTEID, SEGMENTID, SEQUENCENR) VALUES (1, 55, 54);
INSERT INTO run_connect.segmentinroute (ROUTEID, SEGMENTID, SEQUENCENR) VALUES (1, 56, 55);
INSERT INTO run_connect.segmentinroute (ROUTEID, SEGMENTID, SEQUENCENR) VALUES (1, 57, 56);
INSERT INTO run_connect.segmentinroute (ROUTEID, SEGMENTID, SEQUENCENR) VALUES (1, 58, 57);
INSERT INTO run_connect.segmentinroute (ROUTEID, SEGMENTID, SEQUENCENR) VALUES (1, 59, 58);
INSERT INTO run_connect.segmentinroute (ROUTEID, SEGMENTID, SEQUENCENR) VALUES (1, 60, 59);
INSERT INTO run_connect.segmentinroute (ROUTEID, SEGMENTID, SEQUENCENR) VALUES (1, 61, 60);
INSERT INTO run_connect.segmentinroute (ROUTEID, SEGMENTID, SEQUENCENR) VALUES (1, 62, 61);
INSERT INTO run_connect.segmentinroute (ROUTEID, SEGMENTID, SEQUENCENR) VALUES (1, 63, 62);
INSERT INTO run_connect.segmentinroute (ROUTEID, SEGMENTID, SEQUENCENR) VALUES (1, 64, 63);
INSERT INTO run_connect.segmentinroute (ROUTEID, SEGMENTID, SEQUENCENR) VALUES (1, 65, 64);
INSERT INTO run_connect.segmentinroute (ROUTEID, SEGMENTID, SEQUENCENR) VALUES (1, 66, 65);
INSERT INTO run_connect.segmentinroute (ROUTEID, SEGMENTID, SEQUENCENR) VALUES (1, 67, 66);
INSERT INTO run_connect.segmentinroute (ROUTEID, SEGMENTID, SEQUENCENR) VALUES (1, 68, 67);
INSERT INTO run_connect.segmentinroute (ROUTEID, SEGMENTID, SEQUENCENR) VALUES (1, 69, 68);
INSERT INTO run_connect.segmentinroute (ROUTEID, SEGMENTID, SEQUENCENR) VALUES (1, 70, 69);
INSERT INTO run_connect.segmentinroute (ROUTEID, SEGMENTID, SEQUENCENR) VALUES (1, 71, 70);
INSERT INTO run_connect.segmentinroute (ROUTEID, SEGMENTID, SEQUENCENR) VALUES (1, 72, 71);
INSERT INTO run_connect.segmentinroute (ROUTEID, SEGMENTID, SEQUENCENR) VALUES (1, 73, 72);
INSERT INTO run_connect.segmentinroute (ROUTEID, SEGMENTID, SEQUENCENR) VALUES (1, 74, 73);
INSERT INTO run_connect.segmentinroute (ROUTEID, SEGMENTID, SEQUENCENR) VALUES (1, 75, 74);
INSERT INTO run_connect.segmentinroute (ROUTEID, SEGMENTID, SEQUENCENR) VALUES (1, 76, 75);
INSERT INTO run_connect.segmentinroute (ROUTEID, SEGMENTID, SEQUENCENR) VALUES (1, 77, 76);
INSERT INTO run_connect.segmentinroute (ROUTEID, SEGMENTID, SEQUENCENR) VALUES (1, 78, 77);
INSERT INTO run_connect.segmentinroute (ROUTEID, SEGMENTID, SEQUENCENR) VALUES (1, 79, 78);
INSERT INTO run_connect.segmentinroute (ROUTEID, SEGMENTID, SEQUENCENR) VALUES (1, 80, 79);
INSERT INTO run_connect.segmentinroute (ROUTEID, SEGMENTID, SEQUENCENR) VALUES (1, 81, 80);
INSERT INTO run_connect.segmentinroute (ROUTEID, SEGMENTID, SEQUENCENR) VALUES (1, 82, 81);
INSERT INTO run_connect.segmentinroute (ROUTEID, SEGMENTID, SEQUENCENR) VALUES (1, 83, 82);
INSERT INTO run_connect.segmentinroute (ROUTEID, SEGMENTID, SEQUENCENR) VALUES (1, 84, 83);
INSERT INTO run_connect.segmentinroute (ROUTEID, SEGMENTID, SEQUENCENR) VALUES (1, 85, 84);
INSERT INTO run_connect.segmentinroute (ROUTEID, SEGMENTID, SEQUENCENR) VALUES (1, 86, 85);
INSERT INTO run_connect.segmentinroute (ROUTEID, SEGMENTID, SEQUENCENR) VALUES (1, 87, 86);
INSERT INTO run_connect.segmentinroute (ROUTEID, SEGMENTID, SEQUENCENR) VALUES (1, 88, 87);
INSERT INTO run_connect.segmentinroute (ROUTEID, SEGMENTID, SEQUENCENR) VALUES (1, 89, 88);
INSERT INTO run_connect.segmentinroute (ROUTEID, SEGMENTID, SEQUENCENR) VALUES (1, 90, 89);
INSERT INTO run_connect.segmentinroute (ROUTEID, SEGMENTID, SEQUENCENR) VALUES (1, 91, 90);
INSERT INTO run_connect.segmentinroute (ROUTEID, SEGMENTID, SEQUENCENR) VALUES (1, 92, 91);
INSERT INTO run_connect.segmentinroute (ROUTEID, SEGMENTID, SEQUENCENR) VALUES (1, 93, 92);
INSERT INTO run_connect.segmentinroute (ROUTEID, SEGMENTID, SEQUENCENR) VALUES (1, 94, 93);
INSERT INTO run_connect.segmentinroute (ROUTEID, SEGMENTID, SEQUENCENR) VALUES (1, 95, 94);
INSERT INTO run_connect.segmentinroute (ROUTEID, SEGMENTID, SEQUENCENR) VALUES (1, 96, 95);
INSERT INTO run_connect.segmentinroute (ROUTEID, SEGMENTID, SEQUENCENR) VALUES (1, 97, 96);
INSERT INTO run_connect.segmentinroute (ROUTEID, SEGMENTID, SEQUENCENR) VALUES (1, 98, 97);
INSERT INTO run_connect.segmentinroute (ROUTEID, SEGMENTID, SEQUENCENR) VALUES (1, 99, 98);
INSERT INTO run_connect.segmentinroute (ROUTEID, SEGMENTID, SEQUENCENR) VALUES (1, 100, 99);
INSERT INTO run_connect.segmentinroute (ROUTEID, SEGMENTID, SEQUENCENR) VALUES (1, 101, 100);
INSERT INTO run_connect.segmentinroute (ROUTEID, SEGMENTID, SEQUENCENR) VALUES (1, 102, 101);
INSERT INTO run_connect.segmentinroute (ROUTEID, SEGMENTID, SEQUENCENR) VALUES (1, 103, 102);
INSERT INTO run_connect.segmentinroute (ROUTEID, SEGMENTID, SEQUENCENR) VALUES (1, 104, 103);
INSERT INTO run_connect.segmentinroute (ROUTEID, SEGMENTID, SEQUENCENR) VALUES (1, 105, 104);
INSERT INTO run_connect.segmentinroute (ROUTEID, SEGMENTID, SEQUENCENR) VALUES (1, 106, 105);
INSERT INTO run_connect.segmentinroute (ROUTEID, SEGMENTID, SEQUENCENR) VALUES (1, 107, 106);
INSERT INTO run_connect.segmentinroute (ROUTEID, SEGMENTID, SEQUENCENR) VALUES (1, 108, 107);
INSERT INTO run_connect.segmentinroute (ROUTEID, SEGMENTID, SEQUENCENR) VALUES (3, 112, 0);
INSERT INTO run_connect.segmentinroute (ROUTEID, SEGMENTID, SEQUENCENR) VALUES (3, 113, 1);




# Activities
INSERT INTO run_connect.activity (USERID, POINT, DURATION, DISTANCE, ROUTEID, DATE) VALUES (15, 10, 250178, 2.55, 1, '2021-05-24 13:40:06');
INSERT INTO run_connect.activity (USERID, POINT, DURATION, DISTANCE, ROUTEID, DATE) VALUES (34, 50, 1550178, 5.55, 1, '2021-05-26 13:40:07');
INSERT INTO run_connect.activity (USERID, POINT, DURATION, DISTANCE, ROUTEID, DATE) VALUES (34, 20, 450178, 4.55, 1, '2021-05-14 13:40:08');
INSERT INTO run_connect.activity (USERID, POINT, DURATION, DISTANCE, ROUTEID, DATE) VALUES (34, 30, 850178, 2.55, 1, '2021-05-16 13:40:09');
INSERT INTO run_connect.activity (USERID, POINT, DURATION, DISTANCE, ROUTEID, DATE) VALUES (66, 60, 250178, 7.55, 1, '2021-05-19 13:40:10');
INSERT INTO run_connect.activity (USERID, POINT, DURATION, DISTANCE, ROUTEID, DATE) VALUES (75, 40, 350178, 1.55, 1, '2021-05-21 13:40:11');
INSERT INTO run_connect.activity (USERID, POINT, DURATION, DISTANCE, ROUTEID, DATE) VALUES (12, 100, 650355, 4.55, 1, '2021-05-21 13:40:12');
